,,ann,ann,bm25,bm25,reranking,reranking
,,avg,avg max diff,avg,avg max diff,avg,avg max diff
baseline,dev_f1,0.5699529051780701,0.02303212881088257,0.5728501677513123,0.013429880142211914,0.5648151238759359,0.022587577501932743
gold,dev_f1,0.5538204908370972,0.007959187030792236,0.5587919354438782,0.007054686546325684,0.5505465467770895,0.009215136369069454
error,dev_f1,0.5551088452339172,0.004298806190490723,0.5490389466285706,0.004829466342926025,0.55140620470047,0.019199013710021973
