,,ann,ann,bm25,bm25,reranking,reranking
,,avg max diff,median max diff,avg max diff,median max diff,avg max diff,median max diff
baseline,dev_f1,0.02303212881088257,0.026364445686340332,0.013429880142211914,0.014066696166992188,0.022587577501932743,0.03233659267425537
gold,dev_f1,0.007959187030792236,0.008710980415344238,0.007054686546325684,0.007501006126403809,0.009215136369069454,0.013181209564208984
error,dev_f1,0.004298806190490723,0.006353497505187988,0.004829466342926025,0.005024313926696777,0.019199013710021973,0.02071613073348999
