,,ann,ann,bm25,bm25,reranking,reranking
,,median,median max diff,median,median max diff,median,median max diff
baseline,dev_f1,0.5732852220535278,0.026364445686340332,0.5734869837760925,0.014066696166992188,0.5550661087036133,0.03233659267425537
gold,dev_f1,0.5545722842216492,0.008710980415344238,0.5583456158638,0.007501006126403809,0.554512619972229,0.013181209564208984
error,dev_f1,0.5571635365486145,0.006353497505187988,0.5488440990447998,0.005024313926696777,0.549889087677002,0.02071613073348999
