{"0": {"baseline": {"train_f1": 0.8359845876693726, "dev_f1": 0.5550661087036133}, "gold": {"train_f1": 0.8539139628410339, "dev_f1": 0.54133141040802}, "error": {"train_f1": 0.8533406853675842, "dev_f1": 0.533724308013916}}, "1": {"baseline": {"train_f1": 0.8681552410125732, "dev_f1": 0.5874027013778687}, "gold": {"train_f1": 0.844922661781311, "dev_f1": 0.554512619972229}, "error": {"train_f1": 0.8398340344429016, "dev_f1": 0.549889087677002}}, "2": {"baseline": {"train_f1": 0.8280778527259827, "dev_f1": 0.5519765615463257}, "gold": {"train_f1": 0.8572208285331726, "dev_f1": 0.5557956099510193}, "error": {"train_f1": 0.845479428768158, "dev_f1": 0.5706052184104919}}}