,huggingface_ours_count,huggingface_ours_mean,huggingface_ours_max,eth_ours_count,eth_ours_mean,eth_ours_max,huggingface_asp_count,huggingface_asp_mean,huggingface_asp_max,eth_asp_count,eth_asp_mean,eth_asp_max
train,14041.0,24.762125204757496,179.0,14041.0,24.762125204757496,179.0,955.0,350.3340314136126,1856.0,955.0,350.3340314136126,1856.0
dev,3250.0,26.756615384615383,233.0,3250.0,26.756615384615383,233.0,216.0,388.5046296296296,2676.0,216.0,388.5046296296296,2676.0
test,3453.0,23.487691862148857,235.0,3453.0,23.487691862148857,235.0,231.0,337.0779220779221,1178.0,231.0,337.0779220779221,1178.0
