,huggingface_ours_count,huggingface_ours_mean,huggingface_ours_max,eth_ours_count,eth_ours_mean,eth_ours_max,huggingface_asp_count,huggingface_asp_mean,huggingface_asp_max,eth_asp_count,eth_asp_mean,eth_asp_max
train,14041.0,25.414927711701445,181.0,14041.0,25.414927711701445,181.0,955.0,305.0994764397906,1421.0,955.0,305.0994764397906,1421.0
dev,3250.0,27.1,199.0,3250.0,27.1,199.0,216.0,336.4166666666667,2062.0,216.0,336.4166666666667,2062.0
test,3453.0,24.216333622936578,177.0,3453.0,24.216333622936578,177.0,231.0,290.8095238095238,954.0,231.0,290.8095238095238,954.0
