{"0": {"baseline": {"train_f1": 0.8430887460708618, "dev_f1": 0.5645514726638794}, "gold": {"train_f1": 0.9003215432167053, "dev_f1": 0.7604307532310486}, "error": {"train_f1": 0.879806399345398, "dev_f1": 0.61238694190979}}, "1": {"baseline": {"train_f1": 0.8593665957450867, "dev_f1": 0.5694051384925842}, "gold": {"train_f1": 0.9055392146110535, "dev_f1": 0.7652992010116577}, "error": {"train_f1": 0.8633133172988892, "dev_f1": 0.6064879894256592}}, "2": {"baseline": {"train_f1": 0.8143646717071533, "dev_f1": 0.5527859330177307}, "gold": {"train_f1": 0.9060893058776855, "dev_f1": 0.7844712734222412}, "error": {"train_f1": 0.8507381677627563, "dev_f1": 0.6137640476226807}}}