{"0": {"baseline": {"train_f1": 0.8430887460708618, "dev_f1": 0.5645514726638794}, "gold": {"train_f1": 0.9331218600273132, "dev_f1": 0.8186046481132507}, "error": {"train_f1": 0.8715571165084839, "dev_f1": 0.624466598033905}}, "1": {"baseline": {"train_f1": 0.8593665957450867, "dev_f1": 0.5694051384925842}, "gold": {"train_f1": 0.9342139959335327, "dev_f1": 0.8114209771156311}, "error": {"train_f1": 0.8629140257835388, "dev_f1": 0.5828571319580078}}, "2": {"baseline": {"train_f1": 0.8143646717071533, "dev_f1": 0.5527859330177307}, "gold": {"train_f1": 0.9323785901069641, "dev_f1": 0.8240000009536743}, "error": {"train_f1": 0.8714632391929626, "dev_f1": 0.6141953468322754}}}