{"0": {"baseline": {"train_f1": 0.8593665957450867, "dev_f1": 0.5694051384925842}}, "1": {"baseline": {"train_f1": 0.8593665957450867, "dev_f1": 0.5694051384925842}}, "2": {"baseline": {"train_f1": 0.8593665957450867, "dev_f1": 0.5694051384925842}}}