{"0": {"baseline": {"train_f1": 0.8430887460708618, "dev_f1": 0.5645514726638794}}, "1": {"baseline": {"train_f1": 0.8430887460708618, "dev_f1": 0.5645514726638794}}, "2": {"baseline": {"train_f1": 0.8430887460708618, "dev_f1": 0.5645514726638794}}}