{"0": {"baseline": {"train_f1": 0.8430887460708618, "dev_f1": 0.5645514726638794}, "gold": {"train_f1": 0.8690026998519897, "dev_f1": 0.5946327447891235}, "error": {"train_f1": 0.8591084480285645, "dev_f1": 0.5883180499076843}}, "1": {"baseline": {"train_f1": 0.8593665957450867, "dev_f1": 0.5694051384925842}, "gold": {"train_f1": 0.8773636221885681, "dev_f1": 0.6209790110588074}, "error": {"train_f1": 0.8546304106712341, "dev_f1": 0.5891583561897278}}, "2": {"baseline": {"train_f1": 0.8143646717071533, "dev_f1": 0.5527859330177307}, "gold": {"train_f1": 0.8663218021392822, "dev_f1": 0.6431046724319458}, "error": {"train_f1": 0.8519934415817261, "dev_f1": 0.5720369219779968}}}