{"0": {"baseline": {"train_f1": 0.8430887460708618, "dev_f1": 0.5645514726638794}, "gold": {"train_f1": 0.8382271528244019, "dev_f1": 0.5560283660888672}, "error": {"train_f1": 0.8556358218193054, "dev_f1": 0.5642856955528259}}, "1": {"baseline": {"train_f1": 0.8593665957450867, "dev_f1": 0.5694051384925842}, "gold": {"train_f1": 0.8602799773216248, "dev_f1": 0.5657427310943604}, "error": {"train_f1": 0.8498331308364868, "dev_f1": 0.5853314399719238}}, "2": {"baseline": {"train_f1": 0.8143646717071533, "dev_f1": 0.5527859330177307}, "gold": {"train_f1": 0.8585608601570129, "dev_f1": 0.5674157738685608}, "error": {"train_f1": 0.8601915240287781, "dev_f1": 0.550537645816803}}}