{"0": {"baseline": {"train_f1": 0.8430887460708618, "dev_f1": 0.5645514726638794}, "gold": {"train_f1": 0.8616816997528076, "dev_f1": 0.556423008441925}, "error": {"train_f1": 0.8524045944213867, "dev_f1": 0.5667144656181335}}, "1": {"baseline": {"train_f1": 0.8593665957450867, "dev_f1": 0.5694051384925842}, "gold": {"train_f1": 0.8532818555831909, "dev_f1": 0.5574712753295898}, "error": {"train_f1": 0.8489169478416443, "dev_f1": 0.5762951970100403}}, "2": {"baseline": {"train_f1": 0.8143646717071533, "dev_f1": 0.5527859330177307}, "gold": {"train_f1": 0.8560461401939392, "dev_f1": 0.5714285373687744}, "error": {"train_f1": 0.8349189162254333, "dev_f1": 0.5591397285461426}}}