{"0": {"baseline": {"train_f1": 0.8244316577911377, "dev_f1": 0.5469207763671875}, "gold": {"train_f1": 0.8505872488021851, "dev_f1": 0.5610278844833374}, "error": {"train_f1": 0.8485015034675598, "dev_f1": 0.5571635365486145}}, "1": {"baseline": {"train_f1": 0.8660069704055786, "dev_f1": 0.5896527171134949}, "gold": {"train_f1": 0.8409658074378967, "dev_f1": 0.5545722842216492}, "error": {"train_f1": 0.8494356870651245, "dev_f1": 0.5573529601097107}}, "2": {"baseline": {"train_f1": 0.8562055826187134, "dev_f1": 0.5732852220535278}, "gold": {"train_f1": 0.8398003578186035, "dev_f1": 0.5458613038063049}, "error": {"train_f1": 0.849397599697113, "dev_f1": 0.5508100390434265}}}