,wnut_ours_count,wnut_ours_mean,wnut_ours_max
train,3394.0,35.43547436652917,86.0
dev,1009.0,23.033696729435086,95.0
test,1287.0,35.173271173271175,203.0
