,wnut_ours_count,wnut_ours_mean,wnut_ours_max
train,3394.0,38.27165586328815,88.0
dev,1009.0,25.37661050545094,95.0
test,1287.0,37.49650349650349,195.0
