{"0": {"baseline": {"train_f1": 0.8430887460708618, "dev_f1": 0.5645514726638794}, "gold": {"train_f1": 0.8554184436798096, "dev_f1": 0.5525180101394653}, "error": {"train_f1": 0.8566684722900391, "dev_f1": 0.5592485070228577}}, "1": {"baseline": {"train_f1": 0.8593665957450867, "dev_f1": 0.5694051384925842}, "gold": {"train_f1": 0.856279194355011, "dev_f1": 0.5551550388336182}, "error": {"train_f1": 0.8641975522041321, "dev_f1": 0.557664155960083}}, "2": {"baseline": {"train_f1": 0.8143646717071533, "dev_f1": 0.5527859330177307}, "gold": {"train_f1": 0.85886549949646, "dev_f1": 0.5661186575889587}, "error": {"train_f1": 0.8615216016769409, "dev_f1": 0.561732828617096}}}