{"0": {"baseline": {"train_f1": 0.8586897253990173, "dev_f1": 0.5856432318687439}, "gold": {"train_f1": 0.8494593501091003, "dev_f1": 0.5583456158638}, "error": {"train_f1": 0.8549576997756958, "dev_f1": 0.5444043278694153}}, "1": {"baseline": {"train_f1": 0.8590749502182007, "dev_f1": 0.5734869837760925}, "gold": {"train_f1": 0.8717527985572815, "dev_f1": 0.5658466219902039}, "error": {"train_f1": 0.8419310450553894, "dev_f1": 0.5538684129714966}}, "2": {"baseline": {"train_f1": 0.8313682079315186, "dev_f1": 0.5594202876091003}, "gold": {"train_f1": 0.8489208817481995, "dev_f1": 0.5521835684776306}, "error": {"train_f1": 0.8437414765357971, "dev_f1": 0.5488440990447998}}}